{
  "metadata": {
    "totalRemoved": 337,
    "reason": "Outside grid coverage bounds",
    "bounds": {
      "north": 30.58,
      "south": -38.4,
      "east": 142.48,
      "west": 22.15
    },
    "removedAt": "2025-11-09T12:01:29.321Z",
    "eastAsiaRemoved": 291,
    "lastUpdate": "2025-11-09T12:03:31.333Z"
  },
  "removedPorts": [
    {
      "name": "Beauty Point",
      "country": "Australia",
      "region": "Tasmania -- 54700",
      "lat": -41.15,
      "lon": 146.816667,
      "waterBody": "Bass Strait; South Pacific Ocean"
    },
    {
      "name": "El Hamra Oil Terminal",
      "country": "Egypt",
      "region": "Egypt Mediterranean -- 45120",
      "lat": 30.983333,
      "lon": 28.866667,
      "waterBody": "Mediterranean Sea; North Atlantic Ocean"
    },
    {
      "name": "Eden",
      "country": "Australia",
      "region": "Australia -- 53290",
      "lat": -37.066667,
      "lon": 149.916667,
      "waterBody": "Tasman Sea; South Pacific Ocean"
    },
    {
      "name": "Launceston",
      "country": "Australia",
      "region": "Tasmania -- 54700",
      "lat": -41.45,
      "lon": 147.116667,
      "waterBody": "Bass Strait; South Pacific Ocean"
    },
    {
      "name": "Port Dalrymple",
      "country": "Australia",
      "region": "Tasmania -- 54700",
      "lat": -41.133333,
      "lon": 146.833333,
      "waterBody": "Bass Strait; South Pacific Ocean"
    },
    {
      "name": "Welshpool",
      "country": "Australia",
      "region": "Australia -- 53290",
      "lat": -38.7,
      "lon": 146.466667,
      "waterBody": "Bass Strait; South Pacific Ocean"
    },
    {
      "name": "Western Port",
      "country": "Australia",
      "region": "Australia -- 53290",
      "lat": -38.35,
      "lon": 145.233333,
      "waterBody": "Bass Strait; South Pacific Ocean"
    },
    {
      "name": "Simonstown",
      "country": "South Africa",
      "region": "South Africa -- 46725",
      "lat": -34.185,
      "lon": 18.43666667,
      "waterBody": "South Atlantic Ocean"
    },
    {
      "name": "Jervis Bay",
      "country": "Australia",
      "region": "Australia -- 53290",
      "lat": -35.116667,
      "lon": 150.8,
      "waterBody": "Tasman Sea; South Pacific Ocean"
    },
    {
      "name": "Batemans Bay",
      "country": "Australia",
      "region": "Australia -- 53290",
      "lat": -35.7,
      "lon": 150.166667,
      "waterBody": "Tasman Sea; South Pacific Ocean"
    },
    {
      "name": "Cape Town",
      "country": "South Africa",
      "region": "South Africa -- 46725",
      "lat": -33.916667,
      "lon": 18.416667,
      "waterBody": "South Atlantic Ocean"
    },
    {
      "name": "Mersa Matruh",
      "country": "Egypt",
      "region": "Egypt Mediterranean -- 45120",
      "lat": 31.35,
      "lon": 27.233333,
      "waterBody": "Mediterranean Sea; North Atlantic Ocean"
    },
    {
      "name": "Al Iskandariyh (Alexandria)",
      "country": "Egypt",
      "region": "Egypt Mediterranean -- 45120",
      "lat": 31.166667,
      "lon": 29.833333,
      "waterBody": "Mediterranean Sea; North Atlantic Ocean"
    },
    {
      "name": "Damietta",
      "country": "Egypt",
      "region": "Egypt Mediterranean -- 45120",
      "lat": 31.483333,
      "lon": 31.75,
      "waterBody": "Mediterranean Sea; North Atlantic Ocean"
    },
    {
      "name": "Sidi Kerir (Kurayr)",
      "country": "Egypt",
      "region": "Egypt Mediterranean -- 45120",
      "lat": 31.1,
      "lon": 29.616667,
      "waterBody": "Mediterranean Sea; North Atlantic Ocean"
    },
    {
      "name": "Mossel Bay",
      "country": "South Africa",
      "region": "South Africa -- 46725",
      "lat": -34.17472222,
      "lon": 22.14611111,
      "waterBody": "Indian Ocean"
    },
    {
      "name": "Warrnambool",
      "country": "Australia",
      "region": "Australia -- 53290",
      "lat": -38.4,
      "lon": 142.483333,
      "waterBody": "Indian Ocean"
    },
    {
      "name": "Hobart",
      "country": "Australia",
      "region": "Tasmania -- 54700",
      "lat": -42.883333,
      "lon": 147.333333,
      "waterBody": "South Pacific Ocean"
    },
    {
      "name": "El Maadiya",
      "country": "Egypt",
      "region": "Egypt Mediterranean -- 45120",
      "lat": 31.266667,
      "lon": 30.15,
      "waterBody": "Mediterranean Sea; North Atlantic Ocean"
    },
    {
      "name": "Saldanha Bay",
      "country": "South Africa",
      "region": "South Africa -- 46725",
      "lat": -33.033333,
      "lon": 17.966667,
      "waterBody": "South Atlantic Ocean"
    },
    {
      "name": "Bur Sa'id",
      "country": "Egypt",
      "region": "Egypt Mediterranean -- 45120",
      "lat": 31.266667,
      "lon": 32.3,
      "waterBody": "Mediterranean Sea; North Atlantic Ocean"
    },
    {
      "name": "Botany Bay",
      "country": "Australia",
      "region": "Australia -- 53290",
      "lat": -34,
      "lon": 151.233333,
      "waterBody": "Tasman Sea; South Pacific Ocean"
    },
    {
      "name": "Hay Point",
      "country": "Australia",
      "region": "Australia -- 53290",
      "lat": -21.283333,
      "lon": 149.3,
      "waterBody": "Coral Sea; South Pacific Ocean"
    },
    {
      "name": "Port Kembla",
      "country": "Australia",
      "region": "Australia -- 53290",
      "lat": -34.483333,
      "lon": 150.916667,
      "waterBody": "Tasman Sea; South Pacific Ocean"
    },
    {
      "name": "Melbourne",
      "country": "Australia",
      "region": "Australia -- 53290",
      "lat": -37.833333,
      "lon": 144.966667,
      "waterBody": "Bass Strait; South Pacific Ocean"
    },
    {
      "name": "Brisbane",
      "country": "Australia",
      "region": "Australia -- 53290",
      "lat": -27.466667,
      "lon": 153.033333,
      "waterBody": "South Pacific Ocean"
    },
    {
      "name": "Geelong",
      "country": "Australia",
      "region": "Australia -- 53290",
      "lat": -38.15,
      "lon": 144.366667,
      "waterBody": "Bass Strait; South Pacific Ocean"
    },
    {
      "name": "Gladstone",
      "country": "Australia",
      "region": "Australia -- 53290",
      "lat": -23.85,
      "lon": 151.25,
      "waterBody": "Coral Sea; South Pacific Ocean"
    },
    {
      "name": "Mackay",
      "country": "Australia",
      "region": "Australia -- 53290",
      "lat": -21.116667,
      "lon": 149.216667,
      "waterBody": "Coral Sea; South Pacific Ocean"
    },
    {
      "name": "Sydney",
      "country": "Australia",
      "region": "Australia -- 53290",
      "lat": -33.866667,
      "lon": 151.2,
      "waterBody": "Tasman Sea; South Pacific Ocean"
    },
    {
      "name": "Port Alma",
      "country": "Australia",
      "region": "Australia -- 53290",
      "lat": -23.583333,
      "lon": 150.85,
      "waterBody": "Coral Sea; South Pacific Ocean"
    },
    {
      "name": "Newcastle",
      "country": "Australia",
      "region": "Australia -- 53290",
      "lat": -32.916667,
      "lon": 151.783333,
      "waterBody": "Tasman Sea; South Pacific Ocean"
    },
    {
      "name": "Port Huon",
      "country": "Australia",
      "region": "Tasmania -- 54700",
      "lat": -43.166667,
      "lon": 146.983333,
      "waterBody": "South Pacific Ocean"
    },
    {
      "name": "Stanley",
      "country": "Australia",
      "region": "Tasmania -- 54700",
      "lat": -40.766667,
      "lon": 145.283333,
      "waterBody": "Bass Strait; South Pacific Ocean"
    },
    {
      "name": "Burnie",
      "country": "Australia",
      "region": "Tasmania -- 54700",
      "lat": -41.05,
      "lon": 145.95,
      "waterBody": "Bass Strait; South Pacific Ocean"
    },
    {
      "name": "Bundaberg",
      "country": "Australia",
      "region": "Australia -- 53290",
      "lat": -24.866667,
      "lon": 152.35,
      "waterBody": "Coral Sea; South Pacific Ocean"
    },
    {
      "name": "Cairns",
      "country": "Australia",
      "region": "Australia -- 53290",
      "lat": -16.916667,
      "lon": 145.783333,
      "waterBody": "Coral Sea; South Pacific Ocean"
    },
    {
      "name": "Lucinda",
      "country": "Australia",
      "region": "Australia -- 53290",
      "lat": -18.516667,
      "lon": 146.333333,
      "waterBody": "Coral Sea; South Pacific Ocean"
    },
    {
      "name": "Dover",
      "country": "Australia",
      "region": "Tasmania -- 54700",
      "lat": -43.316667,
      "lon": 147.033333,
      "waterBody": "South Pacific Ocean"
    },
    {
      "name": "Port Latta",
      "country": "Australia",
      "region": "Tasmania -- 54700",
      "lat": -40.833333,
      "lon": 145.383333,
      "waterBody": "Bass Strait; South Pacific Ocean"
    },
    {
      "name": "Townsville",
      "country": "Australia",
      "region": "Australia -- 53290",
      "lat": -19.266667,
      "lon": 146.816667,
      "waterBody": "Coral Sea; South Pacific Ocean"
    },
    {
      "name": "Ballina",
      "country": "Australia",
      "region": "Australia -- 53290",
      "lat": -28.866667,
      "lon": 153.566667,
      "waterBody": "Tasman Sea; South Pacific Ocean"
    },
    {
      "name": "Devonport",
      "country": "Australia",
      "region": "Tasmania -- 54700",
      "lat": -41.183333,
      "lon": 146.366667,
      "waterBody": "Bass Strait; South Pacific Ocean"
    },
    {
      "name": "Mourilyan Harbour",
      "country": "Australia",
      "region": "Australia -- 53290",
      "lat": -17.6,
      "lon": 146.133333,
      "waterBody": "Coral Sea; South Pacific Ocean"
    },
    {
      "name": "Cape Flattery Harbor",
      "country": "Australia",
      "region": "Australia -- 53290",
      "lat": -14.95,
      "lon": 145.35,
      "waterBody": "Coral Sea; South Pacific Ocean"
    },
    {
      "name": "El Ismailiya",
      "country": "Egypt",
      "region": "Egypt Red Sea -- 47950",
      "lat": 30.583333,
      "lon": 32.283333,
      "waterBody": "Suez Canal; Red Sea; Indian Ocean"
    },
    {
      "name": "Mangkasa Oil Terminal",
      "country": "Indonesia",
      "region": "Sulawesi -- 51970",
      "lat": -2.733333,
      "lon": 121.066667,
      "waterBody": "Teluk Bone; Banda Sea; South Pacific Ocean"
    },
    {
      "name": "Malakal Harbor",
      "country": "Palau",
      "region": "North Pacific Ocean",
      "lat": 7.333333,
      "lon": 134.45,
      "waterBody": "North Pacific Ocean"
    },
    {
      "name": "Colonia",
      "country": "Federated States of Micronesia",
      "region": "Caroline Islands -- 56560",
      "lat": 9.516667,
      "lon": 138.133333,
      "waterBody": "North Pacific Ocean"
    },
    {
      "name": "Tg. Sorong",
      "country": "Indonesia",
      "region": "New Guinea West Coast - Irian Jaya -- 52900",
      "lat": -0.883333,
      "lon": 131.233333,
      "waterBody": "South Pacific Ocean"
    },
    {
      "name": "Donggala",
      "country": "Indonesia",
      "region": "Sulawesi -- 51970",
      "lat": -0.65,
      "lon": 119.733333,
      "waterBody": "Makassar Strait; South Pacific Ocean"
    },
    {
      "name": "Laoang",
      "country": "Philippines",
      "region": "Philippine Islands -- 57960",
      "lat": 12.566667,
      "lon": 125.016667,
      "waterBody": "Philippine inland seas; North Pacific Ocean"
    },
    {
      "name": "Margosatubig",
      "country": "Philippines",
      "region": "Philippine Islands -- 57960",
      "lat": 7.583333,
      "lon": 123.166667,
      "waterBody": "Celebes Sea; North Pacific Ocean"
    },
    {
      "name": "Lingkas",
      "country": "Indonesia",
      "region": "Indonesia - Borneo -- 51760",
      "lat": 3.283333,
      "lon": 117.6,
      "waterBody": "Celebes Sea; North Pacific Ocean"
    },
    {
      "name": "Ankingcheng",
      "country": "China",
      "region": "China Continued -- 59850",
      "lat": 30.516667,
      "lon": 117.033333,
      "waterBody": "East China Sea; North Pacific Ocean"
    },
    {
      "name": "Su-Ao",
      "country": "Taiwan",
      "region": "Taiwan -- 57880",
      "lat": 24.6,
      "lon": 121.866667,
      "waterBody": "East China Sea; North Pacific Ocean"
    },
    {
      "name": "Tanjungredeb",
      "country": "Indonesia",
      "region": "Indonesia - Borneo -- 51760",
      "lat": 2.15,
      "lon": 117.483333,
      "waterBody": "Celebes Sea; North Pacific Ocean"
    },
    {
      "name": "Santa Clara",
      "country": "Philippines",
      "region": "Philippine Islands -- 57960",
      "lat": 7.783333,
      "lon": 122.683333,
      "waterBody": "Celebes Sea; North Pacific Ocean"
    },
    {
      "name": "Victoria",
      "country": "Malaysia",
      "region": "Sabah -- 51650",
      "lat": 5.283333,
      "lon": 115.233333,
      "waterBody": "South China Sea; North Pacific Ocean"
    },
    {
      "name": "Tarempah",
      "country": "Indonesia",
      "region": "Kepulauan Anambas -- 51480",
      "lat": 3.216667,
      "lon": 106.216667,
      "waterBody": "South China Sea; North Pacific Ocean"
    },
    {
      "name": "Tahuna",
      "country": "Indonesia",
      "region": "Kepulauan Sangihe -- 52400",
      "lat": 3.616667,
      "lon": 125.483333,
      "waterBody": "Celebes Sea; North Pacific Ocean"
    },
    {
      "name": "Muntok",
      "country": "Indonesia",
      "region": "Indonesia -- 50020",
      "lat": -2.066667,
      "lon": 105.166667,
      "waterBody": "Natuna Sea; South China Sea; South Pacific Ocean"
    },
    {
      "name": "Ambon",
      "country": "Indonesia",
      "region": "Seram -- 52650",
      "lat": -3.683333,
      "lon": 128.166667,
      "waterBody": "Banda Sea; South Pacific Ocean"
    },
    {
      "name": "Claveria",
      "country": "Philippines",
      "region": "Philippine Islands -- 57960",
      "lat": 18.616667,
      "lon": 121.083333,
      "waterBody": "Luzon Strait; North Pacific Ocean"
    },
    {
      "name": "Manila",
      "country": "Philippines",
      "region": "Philippine Islands -- 57960",
      "lat": 14.583333,
      "lon": 120.966667,
      "waterBody": "South China Sea; North Pacific Ocean"
    },
    {
      "name": "Belanak Field Terminal",
      "country": "Indonesia",
      "region": "Kepulauan Anambas -- 51480",
      "lat": 4.15,
      "lon": 106.25,
      "waterBody": "South China Sea; North Pacific Ocean"
    },
    {
      "name": "Bintangor",
      "country": "Malaysia",
      "region": "Malaysia -- 51548",
      "lat": 2.166667,
      "lon": 111.633333,
      "waterBody": "South China Sea; North Pacific Ocean"
    },
    {
      "name": "Kendari",
      "country": "Indonesia",
      "region": "Sulawesi -- 51970",
      "lat": -3.966667,
      "lon": 122.583333,
      "waterBody": "Banda Sea; South Pacific Ocean"
    },
    {
      "name": "Legazpi Port",
      "country": "Philippines",
      "region": "Philippine Islands -- 57960",
      "lat": 13.15,
      "lon": 123.75,
      "waterBody": "Philippine inland seas; North Pacific Ocean"
    },
    {
      "name": "Blinyu",
      "country": "Indonesia",
      "region": "Indonesia -- 50020",
      "lat": -1.633333,
      "lon": 105.783333,
      "waterBody": "Natuna Sea; South China Sea; South Pacific Ocean"
    },
    {
      "name": "Kasim Terminal",
      "country": "Indonesia",
      "region": "New Guinea West Coast - Irian Jaya -- 52900",
      "lat": -1.3,
      "lon": 131.016667,
      "waterBody": "South Pacific Ocean"
    },
    {
      "name": "Amamapare",
      "country": "Indonesia",
      "region": "New Guinea West Coast - Irian Jaya -- 52900",
      "lat": -4.816667,
      "lon": 136.966667,
      "waterBody": "Arafura Sea; South Pacific Ocean"
    },
    {
      "name": "Calapan",
      "country": "Philippines",
      "region": "Philippine Islands -- 57960",
      "lat": 13.416667,
      "lon": 121.183333,
      "waterBody": "Philippine inland seas; North Pacific Ocean"
    },
    {
      "name": "Haimen",
      "country": "China",
      "region": "China Continued -- 59850",
      "lat": 28.683333,
      "lon": 121.45,
      "waterBody": "East China Sea; North Pacific Ocean"
    },
    {
      "name": "Ishigaki",
      "country": "Japan",
      "region": "Nansei Shoto -- 62470",
      "lat": 24.333333,
      "lon": 124.166667,
      "waterBody": "East China Sea; North Pacific Ocean"
    },
    {
      "name": "Semarang",
      "country": "Indonesia",
      "region": "Jawa -- 50920",
      "lat": -6.95,
      "lon": 110.416667,
      "waterBody": "Java Sea; South Pacific Ocean"
    },
    {
      "name": "Zamboanga",
      "country": "Philippines",
      "region": "Philippine Islands -- 57960",
      "lat": 6.9,
      "lon": 122.066667,
      "waterBody": "Celebes Sea; North Pacific Ocean"
    },
    {
      "name": "Tabaco",
      "country": "Philippines",
      "region": "Philippine Islands -- 57960",
      "lat": 13.366667,
      "lon": 123.733333,
      "waterBody": "Philippine inland seas; North Pacific Ocean"
    },
    {
      "name": "Zhangzhou",
      "country": "China",
      "region": "China -- 57855",
      "lat": 24.683333,
      "lon": 118.15,
      "waterBody": "Taiwan Strait; North Pacific Ocean"
    },
    {
      "name": "Pontianak",
      "country": "Indonesia",
      "region": "Indonesia - Borneo -- 51760",
      "lat": -0.016667,
      "lon": 109.333333,
      "waterBody": "Natuna Sea; South China Sea; South Pacific Ocean"
    },
    {
      "name": "Tawa",
      "country": "Malaysia",
      "region": "Sarawak -- 51550",
      "lat": 4.25,
      "lon": 117.883333,
      "waterBody": "Celebes Sea; North Pacific Ocean"
    },
    {
      "name": "Pulupandan",
      "country": "Philippines",
      "region": "Philippine Islands -- 57960",
      "lat": 10.516667,
      "lon": 122.8,
      "waterBody": "Sulu Sea; North Pacific Ocean"
    },
    {
      "name": "Zhuhai",
      "country": "China",
      "region": "China -- 57815",
      "lat": 22.233333,
      "lon": 113.583333,
      "waterBody": "South China Sea; North Pacific Ocean"
    },
    {
      "name": "Ujung Pandang",
      "country": "Indonesia",
      "region": "Sulawesi -- 51970",
      "lat": -5.133333,
      "lon": 119.4,
      "waterBody": "Makassar Strait; South Pacific Ocean"
    },
    {
      "name": "Tanjungpandan",
      "country": "Indonesia",
      "region": "Indonesia -- 50020",
      "lat": -2.75,
      "lon": 107.633333,
      "waterBody": "Natuna Sea; South China Sea; South Pacific Ocean"
    },
    {
      "name": "Pomalaa",
      "country": "Indonesia",
      "region": "Sulawesi -- 51970",
      "lat": -4.166667,
      "lon": 121.6,
      "waterBody": "Teluk Bone; Banda Sea; South Pacific Ocean"
    },
    {
      "name": "Seria Oil Loading Terminal",
      "country": "Brunei",
      "region": "Brunei -- 51610",
      "lat": 4.616667,
      "lon": 114.316667,
      "waterBody": "South China Sea; North Pacific Ocean"
    },
    {
      "name": "Sailolof",
      "country": "Indonesia",
      "region": "New Guinea West Coast - Irian Jaya -- 52900",
      "lat": -1.25,
      "lon": 130.75,
      "waterBody": "Halmahera Sea; South Pacific Ocean"
    },
    {
      "name": "North Pulau Laut Coal Terminal",
      "country": "Indonesia",
      "region": "Indonesia - Borneo -- 51760",
      "lat": -3.2,
      "lon": 116.283333,
      "waterBody": "Makassar Strait; South Pacific Ocean"
    },
    {
      "name": "Ampenan",
      "country": "Indonesia",
      "region": "Lesser Sunda Islands -- 51250",
      "lat": -8.566667,
      "lon": 116.066667,
      "waterBody": "Bali Sea; Java Sea; South Pacific Ocean"
    },
    {
      "name": "Guangzhou",
      "country": "China",
      "region": "China -- 57815",
      "lat": 23.116667,
      "lon": 113.233333,
      "waterBody": "South China Sea; North Pacific Ocean"
    },
    {
      "name": "Fang-Cheng",
      "country": "China",
      "region": "China -- 57740",
      "lat": 21.75,
      "lon": 108.35,
      "waterBody": "Gulf of Tonkin; South China Sea; North Pacific Ocean"
    },
    {
      "name": "Huangpu",
      "country": "China",
      "region": "China -- 57815",
      "lat": 23.083333,
      "lon": 113.416667,
      "waterBody": "South China Sea; North Pacific Ocean"
    },
    {
      "name": "Huizhou",
      "country": "China",
      "region": "China -- 57855",
      "lat": 22.716667,
      "lon": 114.516667,
      "waterBody": "South China Sea; North Pacific Ocean"
    },
    {
      "name": "Chaozhou",
      "country": "China",
      "region": "China -- 57855",
      "lat": 23.616667,
      "lon": 117.083333,
      "waterBody": "South China Sea; North Pacific Ocean"
    },
    {
      "name": "Salawati",
      "country": "Indonesia",
      "region": "Seram -- 52650",
      "lat": -1.35,
      "lon": 130.983333,
      "waterBody": "South Pacific Ocean"
    },
    {
      "name": "Yantian",
      "country": "China",
      "region": "China -- 57855",
      "lat": 22.583333,
      "lon": 114.266667,
      "waterBody": "South China Sea; North Pacific Ocean"
    },
    {
      "name": "Xiuyu",
      "country": "China",
      "region": "China -- 57855",
      "lat": 25.233333,
      "lon": 118.983333,
      "waterBody": "Taiwan Strait; North Pacific Ocean"
    },
    {
      "name": "Quanzhou",
      "country": "China",
      "region": "China -- 57855",
      "lat": 24.883333,
      "lon": 118.6,
      "waterBody": "Taiwan Strait; North Pacific Ocean"
    },
    {
      "name": "Shui Dong",
      "country": "China",
      "region": "China -- 57815",
      "lat": 21.483333,
      "lon": 111.083333,
      "waterBody": "South China Sea; North Pacific Ocean"
    },
    {
      "name": "Shekou",
      "country": "China",
      "region": "China -- 57740",
      "lat": 22.466667,
      "lon": 113.866667,
      "waterBody": "South China Sea; North Pacific Ocean"
    },
    {
      "name": "Sanya",
      "country": "China",
      "region": "China -- 57815",
      "lat": 18.316667,
      "lon": 109.45,
      "waterBody": "Gulf of Tonkin; South China Sea; North Pacific Ocean"
    },
    {
      "name": "Yangpu",
      "country": "China",
      "region": "China -- 57815",
      "lat": 19.733333,
      "lon": 109.183333,
      "waterBody": "Gulf of Tonkin; South China Sea; North Pacific Ocean"
    },
    {
      "name": "Zhanjiang",
      "country": "China",
      "region": "China -- 57740",
      "lat": 21.2,
      "lon": 110.4,
      "waterBody": "South China Sea; North Pacific Ocean"
    },
    {
      "name": "Surabaya",
      "country": "Indonesia",
      "region": "Jawa -- 50920",
      "lat": -7.2,
      "lon": 112.733333,
      "waterBody": "Bali Sea; Java Sea; South Pacific Ocean"
    },
    {
      "name": "Pangkalpinang",
      "country": "Indonesia",
      "region": "Indonesia -- 50020",
      "lat": -2.116667,
      "lon": 106.133333,
      "waterBody": "Natuna Sea; South China Sea; South Pacific Ocean"
    },
    {
      "name": "Udang Oilfield",
      "country": "Indonesia",
      "region": "Kepulauan Anambas -- 51480",
      "lat": 4.033333,
      "lon": 106.483333,
      "waterBody": "South China Sea; North Pacific Ocean"
    },
    {
      "name": "Samarinda",
      "country": "Indonesia",
      "region": "Indonesia - Borneo -- 51760",
      "lat": -0.516667,
      "lon": 117.116667,
      "waterBody": "Makassar Strait; South Pacific Ocean"
    },
    {
      "name": "Gresik",
      "country": "Indonesia",
      "region": "Jawa -- 50920",
      "lat": -7.15,
      "lon": 112.65,
      "waterBody": "Bali Sea; Java Sea; South Pacific Ocean"
    },
    {
      "name": "Merauke",
      "country": "Indonesia",
      "region": "New Guinea West Coast - Irian Jaya -- 52900",
      "lat": -8.483333,
      "lon": 140.383333,
      "waterBody": "Arafura Sea; South Pacific Ocean"
    },
    {
      "name": "Banjarmasin",
      "country": "Indonesia",
      "region": "Indonesia - Borneo -- 51760",
      "lat": -3.333333,
      "lon": 114.583333,
      "waterBody": "Java Sea; South Pacific Ocean"
    },
    {
      "name": "Tanjung Arang  (Bunyu)",
      "country": "Indonesia",
      "region": "Indonesia - Borneo -- 51760",
      "lat": 3.466667,
      "lon": 117.833333,
      "waterBody": "Celebes Sea; North Pacific Ocean"
    },
    {
      "name": "Toboali",
      "country": "Indonesia",
      "region": "Indonesia -- 50020",
      "lat": -3.016667,
      "lon": 106.45,
      "waterBody": "Java Sea; South Pacific Ocean"
    },
    {
      "name": "General Santos",
      "country": "Philippines",
      "region": "Philippine Islands -- 57960",
      "lat": 6.116667,
      "lon": 125.183333,
      "waterBody": "Celebes Sea; North Pacific Ocean"
    },
    {
      "name": "Nasipit Port",
      "country": "Philippines",
      "region": "Philippine Islands -- 57960",
      "lat": 8.983333,
      "lon": 125.333333,
      "waterBody": "Bohol Sea; Philippine inland seas; North Pacific Ocean"
    },
    {
      "name": "Thevenard",
      "country": "Australia",
      "region": "Australia -- 53290",
      "lat": -32.166667,
      "lon": 133.65,
      "waterBody": "Great Australian Bight; Indian Ocean"
    },
    {
      "name": "Jose Panganiban",
      "country": "Philippines",
      "region": "Philippine Islands -- 57960",
      "lat": 14.283333,
      "lon": 122.683333,
      "waterBody": "Philippine inland seas; North Pacific Ocean"
    },
    {
      "name": "Hinatuan",
      "country": "Philippines",
      "region": "Philippine Islands -- 57960",
      "lat": 8.366667,
      "lon": 126.333333,
      "waterBody": "Bohol Sea; Philippine inland seas; North Pacific Ocean"
    },
    {
      "name": "Mati",
      "country": "Philippines",
      "region": "Philippine Islands -- 57960",
      "lat": 6.95,
      "lon": 126.216667,
      "waterBody": "Celebes Sea; North Pacific Ocean"
    },
    {
      "name": "Bugo",
      "country": "Philippines",
      "region": "Philippine Islands -- 57960",
      "lat": 8.516667,
      "lon": 124.75,
      "waterBody": "Bohol Sea; Philippine inland seas; North Pacific Ocean"
    },
    {
      "name": "Macau",
      "country": "Macau",
      "region": "Macau -- 57805",
      "lat": 22.183333,
      "lon": 113.566667,
      "waterBody": "South China Sea; North Pacific Ocean"
    },
    {
      "name": "Basco",
      "country": "Philippines",
      "region": "Philippine Islands -- 57960",
      "lat": 20.45,
      "lon": 121.966667,
      "waterBody": "Luzon Strait; North Pacific Ocean"
    },
    {
      "name": "Guiuan",
      "country": "Philippines",
      "region": "Philippine Islands -- 57960",
      "lat": 11.033333,
      "lon": 125.716667,
      "waterBody": "Philippine inland seas; North Pacific Ocean"
    },
    {
      "name": "Catbalogan",
      "country": "Philippines",
      "region": "Philippine Islands -- 57960",
      "lat": 11.766667,
      "lon": 124.883333,
      "waterBody": "Philippine inland seas; North Pacific Ocean"
    },
    {
      "name": "Baybay",
      "country": "Philippines",
      "region": "Philippine Islands -- 57960",
      "lat": 10.683333,
      "lon": 124.8,
      "waterBody": "Philippine inland seas; North Pacific Ocean"
    },
    {
      "name": "Davao",
      "country": "Philippines",
      "region": "Philippine Islands -- 57960",
      "lat": 7.066667,
      "lon": 125.616667,
      "waterBody": "Celebes Sea; North Pacific Ocean"
    },
    {
      "name": "Basilian City (Isabela)",
      "country": "Philippines",
      "region": "Philippine Islands -- 57960",
      "lat": 6.716667,
      "lon": 121.966667,
      "waterBody": "Sulu Sea; North Pacific Ocean"
    },
    {
      "name": "Jolo",
      "country": "Philippines",
      "region": "Philippine Islands -- 57960",
      "lat": 6.05,
      "lon": 121,
      "waterBody": "Sulu Sea; North Pacific Ocean"
    },
    {
      "name": "Mariveles",
      "country": "Philippines",
      "region": "Philippine Islands -- 57960",
      "lat": 14.433333,
      "lon": 120.483333,
      "waterBody": "South China Sea; North Pacific Ocean"
    },
    {
      "name": "Masbate",
      "country": "Philippines",
      "region": "Philippine Islands -- 57960",
      "lat": 12.366667,
      "lon": 123.616667,
      "waterBody": "Philippine inland seas; North Pacific Ocean"
    },
    {
      "name": "Lazi",
      "country": "Philippines",
      "region": "Philippine Islands -- 57960",
      "lat": 9.133333,
      "lon": 123.633333,
      "waterBody": "Bohol Sea; Philippine inland seas; North Pacific Ocean"
    },
    {
      "name": "Subic Bay",
      "country": "Philippines",
      "region": "Philippine Islands -- 57960",
      "lat": 14.8,
      "lon": 120.266667,
      "waterBody": "South China Sea; North Pacific Ocean"
    },
    {
      "name": "Tapis Marine Terminal A",
      "country": "Malaysia",
      "region": "Malaysia -- 57400",
      "lat": 5.516667,
      "lon": 105.016667,
      "waterBody": "South China Sea; North Pacific Ocean"
    },
    {
      "name": "Siasi",
      "country": "Philippines",
      "region": "Philippine Islands -- 57960",
      "lat": 5.55,
      "lon": 120.816667,
      "waterBody": "Celebes Sea; North Pacific Ocean"
    },
    {
      "name": "Villanueva",
      "country": "Philippines",
      "region": "Philippine Islands -- 57960",
      "lat": 8.583333,
      "lon": 124.766667,
      "waterBody": "Bohol Sea; Philippine inland seas; North Pacific Ocean"
    },
    {
      "name": "Puerto Princesa",
      "country": "Philippines",
      "region": "Philippine Islands -- 57960",
      "lat": 9.733333,
      "lon": 118.733333,
      "waterBody": "Sulu Sea; North Pacific Ocean"
    },
    {
      "name": "Port Holland",
      "country": "Philippines",
      "region": "Philippine Islands -- 57960",
      "lat": 6.55,
      "lon": 121.866667,
      "waterBody": "Sulu Sea; North Pacific Ocean"
    },
    {
      "name": "Tagbilaran",
      "country": "Philippines",
      "region": "Philippine Islands -- 57960",
      "lat": 9.65,
      "lon": 123.85,
      "waterBody": "Philippine inland seas; North Pacific Ocean"
    },
    {
      "name": "Tubigan",
      "country": "Philippines",
      "region": "Philippine Islands -- 57960",
      "lat": 9.95,
      "lon": 123.966667,
      "waterBody": "Philippine inland seas; North Pacific Ocean"
    },
    {
      "name": "Pagadian",
      "country": "Philippines",
      "region": "Philippine Islands -- 57960",
      "lat": 7.833333,
      "lon": 123.433333,
      "waterBody": "Celebes Sea; North Pacific Ocean"
    },
    {
      "name": "Vanimo",
      "country": "Papua New Guinea",
      "region": "New Guinea NE Coast -- 53210",
      "lat": -2.683333,
      "lon": 141.133333,
      "waterBody": "South Pacific Ocean"
    },
    {
      "name": "Ormoc",
      "country": "Philippines",
      "region": "Philippine Islands -- 57960",
      "lat": 11,
      "lon": 124.6,
      "waterBody": "Philippine inland seas; North Pacific Ocean"
    },
    {
      "name": "Sorsogon",
      "country": "Philippines",
      "region": "Philippine Islands -- 57960",
      "lat": 12.966667,
      "lon": 124,
      "waterBody": "Philippine inland seas; North Pacific Ocean"
    },
    {
      "name": "Polloc (Cotabato)",
      "country": "Philippines",
      "region": "Philippine Islands -- 57960",
      "lat": 7.35,
      "lon": 124.216667,
      "waterBody": "Celebes Sea; North Pacific Ocean"
    },
    {
      "name": "Hua-Lien Kang",
      "country": "Taiwan",
      "region": "Taiwan -- 57880",
      "lat": 23.983333,
      "lon": 121.6,
      "waterBody": "Taiwan Strait; North Pacific Ocean"
    },
    {
      "name": "Nha Trang",
      "country": "Vietnam",
      "region": "Vietnam -- 57510",
      "lat": 12.25,
      "lon": 109.233333,
      "waterBody": "South China Sea; North Pacific Ocean"
    },
    {
      "name": "Da Nang",
      "country": "Vietnam",
      "region": "Vietnam -- 57510",
      "lat": 16.1,
      "lon": 108.216667,
      "waterBody": "South China Sea; North Pacific Ocean"
    },
    {
      "name": "Nghe Tinh",
      "country": "Vietnam",
      "region": "Vietnam -- 57510",
      "lat": 18.766667,
      "lon": 105.766667,
      "waterBody": "Gulf of Tonkin; South China Sea; North Pacific Ocean"
    },
    {
      "name": "Cat Lai",
      "country": "Vietnam",
      "region": "Vietnam -- 57510",
      "lat": 10.75,
      "lon": 106.783333,
      "waterBody": "South China Sea; North Pacific Ocean"
    },
    {
      "name": "Cam Pha",
      "country": "Vietnam",
      "region": "Vietnam -- 57510",
      "lat": 21.033333,
      "lon": 107.366667,
      "waterBody": "Gulf of Tonkin; South China Sea; North Pacific Ocean"
    },
    {
      "name": "Vung Tau",
      "country": "Vietnam",
      "region": "Vietnam -- 57510",
      "lat": 10.35,
      "lon": 107.066667,
      "waterBody": "South China Sea; North Pacific Ocean"
    },
    {
      "name": "Iloilo",
      "country": "Philippines",
      "region": "Philippine Islands -- 57960",
      "lat": 10.7,
      "lon": 122.583333,
      "waterBody": "Philippine inland seas; North Pacific Ocean"
    },
    {
      "name": "Cebu",
      "country": "Philippines",
      "region": "Philippine Islands -- 57960",
      "lat": 10.3,
      "lon": 123.9,
      "waterBody": "Philippine inland seas; North Pacific Ocean"
    },
    {
      "name": "Masinloc",
      "country": "Philippines",
      "region": "Philippine Islands -- 57960",
      "lat": 15.55,
      "lon": 119.95,
      "waterBody": "South China Sea; North Pacific Ocean"
    },
    {
      "name": "Hong Kong",
      "country": "Hong Kong",
      "region": "Hong Kong -- 57835",
      "lat": 22.266667,
      "lon": 114.2,
      "waterBody": "South China Sea; North Pacific Ocean"
    },
    {
      "name": "Hai Phong",
      "country": "Vietnam",
      "region": "Vietnam -- 57510",
      "lat": 20.916667,
      "lon": 106.683333,
      "waterBody": "Gulf of Tonkin; South China Sea; North Pacific Ocean"
    },
    {
      "name": "Bitung",
      "country": "Indonesia",
      "region": "Sulawesi -- 51970",
      "lat": 1.433333,
      "lon": 125.183333,
      "waterBody": "Molucca Sea; North Pacific Ocean"
    },
    {
      "name": "Lawi Lawi Oil Terminal",
      "country": "Indonesia",
      "region": "Indonesia - Borneo -- 51760",
      "lat": -1.45,
      "lon": 116.766667,
      "waterBody": "Makassar Strait; South Pacific Ocean"
    },
    {
      "name": "Balikpapan",
      "country": "Indonesia",
      "region": "Indonesia - Borneo -- 51760",
      "lat": -1.25,
      "lon": 116.816667,
      "waterBody": "Makassar Strait; South Pacific Ocean"
    },
    {
      "name": "Muara Harbor",
      "country": "Brunei",
      "region": "Brunei -- 51610",
      "lat": 5.033333,
      "lon": 115.066667,
      "waterBody": "South China Sea; North Pacific Ocean"
    },
    {
      "name": "Lutong",
      "country": "Malaysia",
      "region": "Sarawak -- 51550",
      "lat": 4.466667,
      "lon": 114,
      "waterBody": "South China Sea; North Pacific Ocean"
    },
    {
      "name": "Jakarta",
      "country": "Indonesia",
      "region": "Jawa -- 50920",
      "lat": -6.1,
      "lon": 106.883333,
      "waterBody": "Java Sea; South Pacific Ocean"
    },
    {
      "name": "Labuhanhaji",
      "country": "Indonesia",
      "region": "Lesser Sunda Islands -- 51250",
      "lat": -8.7,
      "lon": 116.566667,
      "waterBody": "Indian Ocean"
    },
    {
      "name": "Belida Marine Terminal",
      "country": "Indonesia",
      "region": "Kepulauan Anambas -- 51480",
      "lat": 4.133333,
      "lon": 105.133333,
      "waterBody": "South China Sea; North Pacific Ocean"
    },
    {
      "name": "Bontang Lng Terminal",
      "country": "Indonesia",
      "region": "Indonesia - Borneo -- 51760",
      "lat": 0.1,
      "lon": 117.483333,
      "waterBody": "Makassar Strait; South Pacific Ocean"
    },
    {
      "name": "Labuha",
      "country": "Indonesia",
      "region": "Pulau Batcan -- 52520",
      "lat": -0.633333,
      "lon": 127.466667,
      "waterBody": "Molucca Sea; South Pacific Ocean"
    },
    {
      "name": "Basuo",
      "country": "China",
      "region": "China -- 57740",
      "lat": 19.1,
      "lon": 108.616667,
      "waterBody": "Gulf of Tonkin; South China Sea; North Pacific Ocean"
    },
    {
      "name": "Gingoog",
      "country": "Philippines",
      "region": "Philippine Islands -- 57960",
      "lat": 8.833333,
      "lon": 125.1,
      "waterBody": "Bohol Sea; Philippine inland seas; North Pacific Ocean"
    },
    {
      "name": "Kuala Kapus",
      "country": "Indonesia",
      "region": "Sumatera -- 50515",
      "lat": 3,
      "lon": 114.366667,
      "waterBody": "South China Sea; North Pacific Ocean"
    },
    {
      "name": "Celukan Bawang",
      "country": "Indonesia",
      "region": "Jawa -- 50920",
      "lat": -8.183333,
      "lon": 114.833333,
      "waterBody": "Bali Sea; Java Sea; South Pacific Ocean"
    },
    {
      "name": "Maumere",
      "country": "Indonesia",
      "region": "Lesser Sunda Islands -- 51250",
      "lat": -8.616667,
      "lon": 122.216667,
      "waterBody": "Flores Sea; Java Sea; South Pacific Ocean"
    },
    {
      "name": "Dai Hang",
      "country": "Vietnam",
      "region": "Vietnam -- 57510",
      "lat": 8.483333,
      "lon": 108.683333,
      "waterBody": "South China Sea; North Pacific Ocean"
    },
    {
      "name": "Cilacap",
      "country": "Indonesia",
      "region": "Jawa -- 50920",
      "lat": -7.733333,
      "lon": 109,
      "waterBody": "Indian Ocean"
    },
    {
      "name": "Bakapit",
      "country": "Malaysia",
      "region": "Malaysia -- 51647",
      "lat": 4.95,
      "lon": 118.583333,
      "waterBody": "Celebes Sea; North Pacific Ocean"
    },
    {
      "name": "Manado",
      "country": "Indonesia",
      "region": "Sulawesi -- 51970",
      "lat": 1.5,
      "lon": 124.833333,
      "waterBody": "Celebes Sea; North Pacific Ocean"
    },
    {
      "name": "Miei",
      "country": "Indonesia",
      "region": "New Guinea West Coast - Irian Jaya -- 52900",
      "lat": -2.733333,
      "lon": 134.5,
      "waterBody": "Teluk Cenderawasih; South Pacific Ocean"
    },
    {
      "name": "Hon Gai",
      "country": "Vietnam",
      "region": "Vietnam -- 57510",
      "lat": 20.95,
      "lon": 107.066667,
      "waterBody": "Gulf of Tonkin; South China Sea; North Pacific Ocean"
    },
    {
      "name": "Beihai",
      "country": "China",
      "region": "China -- 57740",
      "lat": 21.483333,
      "lon": 109.066667,
      "waterBody": "Gulf of Tonkin; South China Sea; North Pacific Ocean"
    },
    {
      "name": "Aparri",
      "country": "Philippines",
      "region": "Philippine Islands -- 57960",
      "lat": 18.366667,
      "lon": 121.633333,
      "waterBody": "Luzon Strait; North Pacific Ocean"
    },
    {
      "name": "Batangas City",
      "country": "Philippines",
      "region": "Philippine Islands -- 57960",
      "lat": 13.75,
      "lon": 121.05,
      "waterBody": "Philippine inland seas; North Pacific Ocean"
    },
    {
      "name": "Isabel",
      "country": "Philippines",
      "region": "Philippine Islands -- 57960",
      "lat": 10.916667,
      "lon": 124.433333,
      "waterBody": "Philippine inland seas; North Pacific Ocean"
    },
    {
      "name": "Dumaguete",
      "country": "Philippines",
      "region": "Philippine Islands -- 57960",
      "lat": 9.316667,
      "lon": 123.3,
      "waterBody": "Bohol Sea; Philippine inland seas; North Pacific Ocean"
    },
    {
      "name": "Jordan",
      "country": "Philippines",
      "region": "Philippine Islands -- 57960",
      "lat": 10.666667,
      "lon": 122.583333,
      "waterBody": "Philippine inland seas; North Pacific Ocean"
    },
    {
      "name": "Iligan",
      "country": "Philippines",
      "region": "Philippine Islands -- 57960",
      "lat": 8.233333,
      "lon": 124.233333,
      "waterBody": "Bohol Sea; Philippine inland seas; North Pacific Ocean"
    },
    {
      "name": "Butuan City",
      "country": "Philippines",
      "region": "Philippine Islands -- 57960",
      "lat": 8.95,
      "lon": 125.533333,
      "waterBody": "Bohol Sea; Philippine inland seas; North Pacific Ocean"
    },
    {
      "name": "Ningbo",
      "country": "China",
      "region": "China Continued -- 59850",
      "lat": 29.883333,
      "lon": 121.55,
      "waterBody": "East China Sea; North Pacific Ocean"
    },
    {
      "name": "Albany",
      "country": "Australia",
      "region": "Australia -- 53290",
      "lat": -35.033333,
      "lon": 117.883333,
      "waterBody": "Indian Ocean"
    },
    {
      "name": "Esperance",
      "country": "Australia",
      "region": "Australia -- 53290",
      "lat": -33.866667,
      "lon": 121.9,
      "waterBody": "Indian Ocean"
    },
    {
      "name": "Kingscote",
      "country": "Australia",
      "region": "Australia -- 53290",
      "lat": -35.633333,
      "lon": 137.633333,
      "waterBody": "Indian Ocean"
    },
    {
      "name": "Anyer Lor",
      "country": "Indonesia",
      "region": "Jawa -- 50920",
      "lat": -6.05,
      "lon": 105.916667,
      "waterBody": "Indian Ocean"
    },
    {
      "name": "Flying Fish Cove",
      "country": "Christmas Island",
      "region": "Christmas Island -- 50900",
      "lat": -10.416667,
      "lon": 105.7,
      "waterBody": "Indian Ocean"
    },
    {
      "name": "Tanjung Benete",
      "country": "Indonesia",
      "region": "Lesser Sunda Islands -- 51250",
      "lat": -8.9,
      "lon": 116.75,
      "waterBody": "Indian Ocean"
    },
    {
      "name": "Panjang",
      "country": "Indonesia",
      "region": "Indonesia -- 50020",
      "lat": -5.466667,
      "lon": 105.316667,
      "waterBody": "Indian Ocean"
    },
    {
      "name": "Dili",
      "country": "Timor-Leste",
      "region": "East Timor -- 51430",
      "lat": -8.533333,
      "lon": 125.583333,
      "waterBody": "Banda Sea; South Pacific Ocean"
    },
    {
      "name": "Bunbury",
      "country": "Australia",
      "region": "Australia -- 53290",
      "lat": -33.316667,
      "lon": 115.633333,
      "waterBody": "Indian Ocean"
    },
    {
      "name": "Bandar Seri Begawan",
      "country": "Brunei",
      "region": "Brunei -- 51610",
      "lat": 4.883333,
      "lon": 114.883333,
      "waterBody": "South China Sea; North Pacific Ocean"
    },
    {
      "name": "Kota Kinabalu",
      "country": "Malaysia",
      "region": "Sabah -- 51650",
      "lat": 5.983333,
      "lon": 116.066667,
      "waterBody": "South China Sea; North Pacific Ocean"
    },
    {
      "name": "Kudat",
      "country": "Malaysia",
      "region": "Sabah -- 51650",
      "lat": 6.883333,
      "lon": 116.85,
      "waterBody": "South China Sea; North Pacific Ocean"
    },
    {
      "name": "Lahad Datu",
      "country": "Malaysia",
      "region": "Sabah -- 51650",
      "lat": 5.016667,
      "lon": 118.316667,
      "waterBody": "Celebes Sea; North Pacific Ocean"
    },
    {
      "name": "Luwuk",
      "country": "Indonesia",
      "region": "Sulawesi -- 51970",
      "lat": -0.95,
      "lon": 122.8,
      "waterBody": "Banda Sea; South Pacific Ocean"
    },
    {
      "name": "Bula",
      "country": "Indonesia",
      "region": "Seram -- 52650",
      "lat": -3.1,
      "lon": 130.5,
      "waterBody": "Ceram Sea; Banda Sea; South Pacific Ocean"
    },
    {
      "name": "Manokwari Road",
      "country": "Indonesia",
      "region": "New Guinea West Coast - Irian Jaya -- 52900",
      "lat": -0.866667,
      "lon": 134.083333,
      "waterBody": "Teluk Cenderawasih; South Pacific Ocean"
    },
    {
      "name": "Jayapura",
      "country": "Indonesia",
      "region": "New Guinea West Coast - Irian Jaya -- 52900",
      "lat": -2.533333,
      "lon": 140.716667,
      "waterBody": "South Pacific Ocean"
    },
    {
      "name": "Lon Shui Terminal",
      "country": "China",
      "region": "China -- 57740",
      "lat": 20.833333,
      "lon": 115.683333,
      "waterBody": "South China Sea; North Pacific Ocean"
    },
    {
      "name": "Chiwan",
      "country": "China",
      "region": "China -- 57815",
      "lat": 19.966667,
      "lon": 110.033333,
      "waterBody": "Gulf of Tonkin; South China Sea; North Pacific Ocean"
    },
    {
      "name": "Kao-Hsiung",
      "country": "Taiwan",
      "region": "Taiwan -- 57880",
      "lat": 22.616667,
      "lon": 120.25,
      "waterBody": "South China Sea; North Pacific Ocean"
    },
    {
      "name": "Hondagua",
      "country": "Philippines",
      "region": "Philippine Islands -- 57960",
      "lat": 13.95,
      "lon": 122.233333,
      "waterBody": "Philippine inland seas; North Pacific Ocean"
    },
    {
      "name": "Naha Ko",
      "country": "Japan",
      "region": "Nansei Shoto -- 62470",
      "lat": 26.216667,
      "lon": 127.683333,
      "waterBody": "East China Sea; North Pacific Ocean"
    },
    {
      "name": "Bais",
      "country": "Philippines",
      "region": "Philippine Islands -- 57960",
      "lat": 9.6,
      "lon": 123.116667,
      "waterBody": "Philippine inland seas; North Pacific Ocean"
    },
    {
      "name": "Masao",
      "country": "Philippines",
      "region": "Philippine Islands -- 57960",
      "lat": 9,
      "lon": 125.416667,
      "waterBody": "Bohol Sea; Philippine inland seas; North Pacific Ocean"
    },
    {
      "name": "Cagayan De Oro",
      "country": "Philippines",
      "region": "Philippine Islands -- 57960",
      "lat": 8.5,
      "lon": 124.666667,
      "waterBody": "Bohol Sea; Philippine inland seas; North Pacific Ocean"
    },
    {
      "name": "Chung Ching",
      "country": "China",
      "region": "China Continued -- 59850",
      "lat": 29.566667,
      "lon": 106.633333,
      "waterBody": "Gulf of Tonkin; South China Sea; North Pacific Ocean"
    },
    {
      "name": "Hirara Ko",
      "country": "Japan",
      "region": "Nansei Shoto -- 62470",
      "lat": 24.8,
      "lon": 125.283333,
      "waterBody": "East China Sea; North Pacific Ocean"
    },
    {
      "name": "Benoa",
      "country": "Indonesia",
      "region": "Lesser Sunda Islands -- 51250",
      "lat": -8.75,
      "lon": 115.216667,
      "waterBody": "Indian Ocean"
    },
    {
      "name": "Gorontalo",
      "country": "Indonesia",
      "region": "Sulawesi -- 51970",
      "lat": 0.5,
      "lon": 123.05,
      "waterBody": "Teluk Tomini; Molucca Sea; South Pacific Ocean"
    },
    {
      "name": "Huangpuxingang",
      "country": "China",
      "region": "China -- 57815",
      "lat": 23.05,
      "lon": 113.5,
      "waterBody": "South China Sea; North Pacific Ocean"
    },
    {
      "name": "Klein Point",
      "country": "Australia",
      "region": "Australia -- 53290",
      "lat": -34.966667,
      "lon": 137.766667,
      "waterBody": "Indian Ocean"
    },
    {
      "name": "Ardrossan",
      "country": "Australia",
      "region": "Australia -- 53290",
      "lat": -34.433333,
      "lon": 137.916667,
      "waterBody": "Indian Ocean"
    },
    {
      "name": "Ardjuna Oil Field",
      "country": "Indonesia",
      "region": "Indonesia -- 50020",
      "lat": -5.883333,
      "lon": 107.716667,
      "waterBody": "Java Sea; South Pacific Ocean"
    },
    {
      "name": "Gunung Batu Besar",
      "country": "Indonesia",
      "region": "Indonesia - Borneo -- 51760",
      "lat": -2.616667,
      "lon": 116.3,
      "waterBody": "Makassar Strait; South Pacific Ocean"
    },
    {
      "name": "Namlea",
      "country": "Indonesia",
      "region": "Buru -- 52735",
      "lat": -3.283333,
      "lon": 127.083333,
      "waterBody": "Ceram Sea; Banda Sea; South Pacific Ocean"
    },
    {
      "name": "Port Hedland",
      "country": "Australia",
      "region": "Australia -- 53290",
      "lat": -20.316667,
      "lon": 118.583333,
      "waterBody": "Indian Ocean"
    },
    {
      "name": "Fremantle",
      "country": "Australia",
      "region": "Australia -- 53290",
      "lat": -32.05,
      "lon": 115.75,
      "waterBody": "Indian Ocean"
    },
    {
      "name": "Mostyn",
      "country": "Malaysia",
      "region": "Malaysia -- 51647",
      "lat": 4.683333,
      "lon": 118.25,
      "waterBody": "Celebes Sea; North Pacific Ocean"
    },
    {
      "name": "Kota Baru",
      "country": "Indonesia",
      "region": "Indonesia - Borneo -- 51760",
      "lat": -3.233333,
      "lon": 116.216667,
      "waterBody": "Makassar Strait; South Pacific Ocean"
    },
    {
      "name": "Kolonodale",
      "country": "Indonesia",
      "region": "Sulawesi -- 51970",
      "lat": -1.983333,
      "lon": 121.333333,
      "waterBody": "Banda Sea; South Pacific Ocean"
    },
    {
      "name": "Baubau",
      "country": "Indonesia",
      "region": "Sulawesi -- 51970",
      "lat": -5.466667,
      "lon": 122.616667,
      "waterBody": "Banda Sea; South Pacific Ocean"
    },
    {
      "name": "Fakfak",
      "country": "Indonesia",
      "region": "New Guinea West Coast - Irian Jaya -- 52900",
      "lat": -2.933333,
      "lon": 132.283333,
      "waterBody": "Ceram Sea; Banda Sea; South Pacific Ocean"
    },
    {
      "name": "Pelabuhan Sandakan",
      "country": "Malaysia",
      "region": "Sabah -- 51650",
      "lat": 5.833333,
      "lon": 118.116667,
      "waterBody": "Sulu Sea; North Pacific Ocean"
    },
    {
      "name": "Broome",
      "country": "Australia",
      "region": "Australia -- 53290",
      "lat": -17.966667,
      "lon": 122.233333,
      "waterBody": "Indian Ocean"
    },
    {
      "name": "Raha Roadstead",
      "country": "Indonesia",
      "region": "Sulawesi -- 51970",
      "lat": -4.85,
      "lon": 122.733333,
      "waterBody": "Banda Sea; South Pacific Ocean"
    },
    {
      "name": "Useless Loop",
      "country": "Australia",
      "region": "Australia -- 53290",
      "lat": -26.083333,
      "lon": 113.4,
      "waterBody": "Indian Ocean"
    },
    {
      "name": "Tg. Mani",
      "country": "Malaysia",
      "region": "Malaysia -- 51548",
      "lat": 2.15,
      "lon": 111.35,
      "waterBody": "South China Sea; North Pacific Ocean"
    },
    {
      "name": "Tanjung Sangata",
      "country": "Indonesia",
      "region": "Indonesia - Borneo -- 51760",
      "lat": 0.366667,
      "lon": 117.566667,
      "waterBody": "Makassar Strait; South Pacific Ocean"
    },
    {
      "name": "Widuri Marine Terminal",
      "country": "Indonesia",
      "region": "Kepulauan Anambas -- 51480",
      "lat": -4.666667,
      "lon": 106.65,
      "waterBody": "Java Sea; South Pacific Ocean"
    },
    {
      "name": "Mangagoy",
      "country": "Philippines",
      "region": "Philippine Islands -- 57960",
      "lat": 8.233333,
      "lon": 126.316667,
      "waterBody": "Bohol Sea; Philippine inland seas; North Pacific Ocean"
    },
    {
      "name": "Geraldton",
      "country": "Australia",
      "region": "Australia -- 53290",
      "lat": -28.783333,
      "lon": 114.6,
      "waterBody": "Indian Ocean"
    },
    {
      "name": "Chi-Lung",
      "country": "Taiwan",
      "region": "Taiwan -- 57880",
      "lat": 25.133333,
      "lon": 121.766667,
      "waterBody": "East China Sea; North Pacific Ocean"
    },
    {
      "name": "Mailiao",
      "country": "Taiwan",
      "region": "Taiwan -- 57880",
      "lat": 23.783333,
      "lon": 120.166667,
      "waterBody": "Taiwan Strait; North Pacific Ocean"
    },
    {
      "name": "Jimenez",
      "country": "Philippines",
      "region": "Philippine Islands -- 57960",
      "lat": 8.333333,
      "lon": 123.866667,
      "waterBody": "Bohol Sea; Philippine inland seas; North Pacific Ocean"
    },
    {
      "name": "Maasin",
      "country": "Philippines",
      "region": "Philippine Islands -- 57960",
      "lat": 10.133333,
      "lon": 124.833333,
      "waterBody": "Bohol Sea; Philippine inland seas; North Pacific Ocean"
    },
    {
      "name": "San Carlos",
      "country": "Philippines",
      "region": "Philippine Islands -- 57960",
      "lat": 10.483333,
      "lon": 123.416667,
      "waterBody": "Philippine inland seas; North Pacific Ocean"
    },
    {
      "name": "Palompon",
      "country": "Philippines",
      "region": "Philippine Islands -- 57960",
      "lat": 11.05,
      "lon": 124.383333,
      "waterBody": "Philippine inland seas; North Pacific Ocean"
    },
    {
      "name": "Port Borongan",
      "country": "Philippines",
      "region": "Philippine Islands -- 57960",
      "lat": 11.6,
      "lon": 125.433333,
      "waterBody": "Philippine inland seas; North Pacific Ocean"
    },
    {
      "name": "Mui Vung Tau",
      "country": "Vietnam",
      "region": "Vietnam -- 57510",
      "lat": 10.316667,
      "lon": 107.066667,
      "waterBody": "South China Sea; North Pacific Ocean"
    },
    {
      "name": "Port Giles",
      "country": "Australia",
      "region": "Australia -- 53290",
      "lat": -35.033333,
      "lon": 137.766667,
      "waterBody": "Indian Ocean"
    },
    {
      "name": "Point Murat",
      "country": "Australia",
      "region": "Australia -- 53290",
      "lat": -21.816667,
      "lon": 114.183333,
      "waterBody": "Indian Ocean"
    },
    {
      "name": "Vinh Cam Ranh",
      "country": "Vietnam",
      "region": "Vietnam -- 57510",
      "lat": 11.883333,
      "lon": 109.166667,
      "waterBody": "South China Sea; North Pacific Ocean"
    },
    {
      "name": "Port Adelaide",
      "country": "Australia",
      "region": "Australia -- 53290",
      "lat": -34.85,
      "lon": 138.5,
      "waterBody": "Indian Ocean"
    },
    {
      "name": "Fuzhou",
      "country": "China",
      "region": "China Continued -- 59850",
      "lat": 26.083333,
      "lon": 119.3,
      "waterBody": "East China Sea; North Pacific Ocean"
    },
    {
      "name": "Dongshan",
      "country": "China",
      "region": "China -- 57855",
      "lat": 23.75666667,
      "lon": 117.505,
      "waterBody": "South China Sea; North Pacific Ocean"
    },
    {
      "name": "Portland",
      "country": "Australia",
      "region": "Australia -- 53290",
      "lat": -38.333333,
      "lon": 141.6,
      "waterBody": "Indian Ocean"
    },
    {
      "name": "Tan-Shui",
      "country": "Taiwan",
      "region": "Taiwan -- 57880",
      "lat": 25.183333,
      "lon": 121.4,
      "waterBody": "East China Sea; North Pacific Ocean"
    },
    {
      "name": "Cape Cuvier",
      "country": "Australia",
      "region": "Australia -- 53290",
      "lat": -24.216667,
      "lon": 113.383333,
      "waterBody": "Indian Ocean"
    },
    {
      "name": "Onslow",
      "country": "Australia",
      "region": "Australia -- 53290",
      "lat": -21.65,
      "lon": 115.1,
      "waterBody": "Indian Ocean"
    },
    {
      "name": "Port Walcott",
      "country": "Australia",
      "region": "Australia -- 53290",
      "lat": -20.65,
      "lon": 117.183333,
      "waterBody": "Indian Ocean"
    },
    {
      "name": "Dampier",
      "country": "Australia",
      "region": "Australia -- 53290",
      "lat": -20.633333,
      "lon": 116.716667,
      "waterBody": "Indian Ocean"
    },
    {
      "name": "Cinta Oil Terminal",
      "country": "Indonesia",
      "region": "Indonesia -- 50020",
      "lat": -5.5,
      "lon": 106.233333,
      "waterBody": "\"Indian Ocean, Java Sea; South Pacific Ocean\""
    },
    {
      "name": "Tanjung Gerem",
      "country": "Indonesia",
      "region": "Jawa -- 50920",
      "lat": -5.966667,
      "lon": 105.983333,
      "waterBody": "\"Indian Ocean, Java Sea; South Pacific Ocean\""
    },
    {
      "name": "Banten",
      "country": "Indonesia",
      "region": "Jawa -- 50920",
      "lat": -6.016667,
      "lon": 105.966667,
      "waterBody": "\"Indian Ocean, Java Sea; South Pacific Ocean\""
    },
    {
      "name": "Kin Wan",
      "country": "Japan",
      "region": "Nansei Shoto -- 62470",
      "lat": 26.416667,
      "lon": 127.9,
      "waterBody": "East China Sea; North Pacific Ocean"
    },
    {
      "name": "Tanjung Sekong",
      "country": "Indonesia",
      "region": "Jawa -- 50920",
      "lat": -5.916667,
      "lon": 106,
      "waterBody": "\"Indian Ocean, Java Sea; South Pacific Ocean\""
    },
    {
      "name": "Nakagusuku",
      "country": "Japan",
      "region": "Nansei Shoto -- 62470",
      "lat": 26.266667,
      "lon": 127.916667,
      "waterBody": "East China Sea; North Pacific Ocean"
    },
    {
      "name": "Xiamen",
      "country": "China",
      "region": "China -- 57855",
      "lat": 24.45,
      "lon": 118.066667,
      "waterBody": "Taiwan Strait; North Pacific Ocean"
    },
    {
      "name": "Haikou",
      "country": "China",
      "region": "China -- 57740",
      "lat": 20.05,
      "lon": 110.283333,
      "waterBody": "South China Sea; North Pacific Ocean"
    },
    {
      "name": "Wenzhou",
      "country": "China",
      "region": "China Continued -- 59850",
      "lat": 28.016667,
      "lon": 120.65,
      "waterBody": "East China Sea; North Pacific Ocean"
    },
    {
      "name": "Nishihara",
      "country": "Japan",
      "region": "Japan -- 61100",
      "lat": 26.216667,
      "lon": 127.8,
      "waterBody": "East China Sea; North Pacific Ocean"
    },
    {
      "name": "Merak Mas Terminal",
      "country": "Indonesia",
      "region": "Jawa -- 50920",
      "lat": -5.919166667,
      "lon": 105.9972222,
      "waterBody": "\"Indian Ocean, Java Sea; South Pacific Ocean\""
    },
    {
      "name": "Wyndham",
      "country": "Australia",
      "region": "Australia -- 53290",
      "lat": -15.466667,
      "lon": 128.1,
      "waterBody": "Joseph Bonaparte Gulf; Timor Sea; Indian Ocean"
    },
    {
      "name": "Nasugbu",
      "country": "Philippines",
      "region": "Philippine Islands -- 57960",
      "lat": 14.083333,
      "lon": 120.616667,
      "waterBody": "South China Sea; North Pacific Ocean"
    },
    {
      "name": "Pekalongan",
      "country": "Indonesia",
      "region": "Jawa -- 50920",
      "lat": -6.85,
      "lon": 109.7,
      "waterBody": "Java Sea; South Pacific Ocean"
    },
    {
      "name": "Shan T Ou",
      "country": "China",
      "region": "China -- 57855",
      "lat": 23.366667,
      "lon": 116.683333,
      "waterBody": "South China Sea; North Pacific Ocean"
    },
    {
      "name": "Port Ozamis",
      "country": "Philippines",
      "region": "Philippine Islands -- 57960",
      "lat": 8.133333,
      "lon": 123.85,
      "waterBody": "Bohol Sea; Philippine inland seas; North Pacific Ocean"
    },
    {
      "name": "San Fernando Harbor",
      "country": "Philippines",
      "region": "Philippine Islands -- 57960",
      "lat": 16.616667,
      "lon": 120.316667,
      "waterBody": "South China Sea; North Pacific Ocean"
    },
    {
      "name": "Port Romblon",
      "country": "Philippines",
      "region": "Philippine Islands -- 57960",
      "lat": 12.583333,
      "lon": 122.266667,
      "waterBody": "Philippine inland seas; North Pacific Ocean"
    },
    {
      "name": "Tai-Chung Kang",
      "country": "Taiwan",
      "region": "Peng Hu Lifh Tao -- 57940",
      "lat": 24.3,
      "lon": 120.5,
      "waterBody": "Taiwan Strait; North Pacific Ocean"
    },
    {
      "name": "Teluk Beo",
      "country": "Indonesia",
      "region": "Kepulauan Talaud -- 52470",
      "lat": 4.233333,
      "lon": 126.783333,
      "waterBody": "Molucca Sea; North Pacific Ocean"
    },
    {
      "name": "Stagen",
      "country": "Indonesia",
      "region": "Indonesia - Borneo -- 51760",
      "lat": -3.3,
      "lon": 116.15,
      "waterBody": "Makassar Strait; South Pacific Ocean"
    },
    {
      "name": "Surigao City",
      "country": "Philippines",
      "region": "Philippine Islands -- 57960",
      "lat": 9.783333,
      "lon": 125.5,
      "waterBody": "Bohol Sea; Philippine inland seas; North Pacific Ocean"
    },
    {
      "name": "Tacloban",
      "country": "Philippines",
      "region": "Philippine Islands -- 57960",
      "lat": 11.25,
      "lon": 125,
      "waterBody": "Philippine inland seas; North Pacific Ocean"
    },
    {
      "name": "Peng-Hu Kang",
      "country": "Taiwan",
      "region": "Peng Hu Lifh Tao -- 57940",
      "lat": 23.583333,
      "lon": 119.533333,
      "waterBody": "Taiwan Strait; North Pacific Ocean"
    },
    {
      "name": "Wahai",
      "country": "Indonesia",
      "region": "Seram -- 52650",
      "lat": -2.783333,
      "lon": 129.5,
      "waterBody": "Ceram Sea; Banda Sea; South Pacific Ocean"
    },
    {
      "name": "Rembang",
      "country": "Indonesia",
      "region": "Jawa -- 50920",
      "lat": -6.7,
      "lon": 111.35,
      "waterBody": "Java Sea; South Pacific Ocean"
    },
    {
      "name": "Tuban",
      "country": "Indonesia",
      "region": "Jawa -- 50920",
      "lat": -6.733333,
      "lon": 112.15,
      "waterBody": "Java Sea; South Pacific Ocean"
    },
    {
      "name": "Tanauan",
      "country": "Philippines",
      "region": "Philippine Islands -- 57960",
      "lat": 11.1,
      "lon": 125.016667,
      "waterBody": "Philippine inland seas; North Pacific Ocean"
    },
    {
      "name": "Sibu",
      "country": "Malaysia",
      "region": "Sarawak -- 51550",
      "lat": 2.283333,
      "lon": 111.816667,
      "waterBody": "South China Sea; North Pacific Ocean"
    },
    {
      "name": "Port Capiz",
      "country": "Philippines",
      "region": "Philippine Islands -- 57960",
      "lat": 11.6,
      "lon": 122.716667,
      "waterBody": "Philippine inland seas; North Pacific Ocean"
    },
    {
      "name": "Probolinggo",
      "country": "Indonesia",
      "region": "Jawa -- 50920",
      "lat": -7.716667,
      "lon": 113.216667,
      "waterBody": "Bali Sea; Java Sea; South Pacific Ocean"
    },
    {
      "name": "Port San Vicente",
      "country": "Philippines",
      "region": "Philippine Islands -- 57960",
      "lat": 18.516667,
      "lon": 122.133333,
      "waterBody": "Luzon Strait; North Pacific Ocean"
    },
    {
      "name": "Poleng Oil Field",
      "country": "Indonesia",
      "region": "Indonesia -- 50915",
      "lat": -6.65,
      "lon": 112.916667,
      "waterBody": "Java Sea; South Pacific Ocean"
    },
    {
      "name": "Qinzhou",
      "country": "China",
      "region": "China -- 57815",
      "lat": 21.733333,
      "lon": 108.583333,
      "waterBody": "Gulf of Tonkin; South China Sea; North Pacific Ocean"
    },
    {
      "name": "Sampit",
      "country": "Indonesia",
      "region": "Indonesia - Borneo -- 51760",
      "lat": -2.516667,
      "lon": 113,
      "waterBody": "Java Sea; South Pacific Ocean"
    },
    {
      "name": "Zhen Hai",
      "country": "China",
      "region": "China Continued -- 59850",
      "lat": 29.95,
      "lon": 121.7,
      "waterBody": "East China Sea; North Pacific Ocean"
    },
    {
      "name": "Phu My",
      "country": "Vietnam",
      "region": "Vietnam -- 57510",
      "lat": 10.583333,
      "lon": 107.033333,
      "waterBody": "South China Sea; North Pacific Ocean"
    },
    {
      "name": "Sapangar Bay",
      "country": "Malaysia",
      "region": "Sabah -- 51650",
      "lat": 6.083333,
      "lon": 116.116667,
      "waterBody": "South China Sea; North Pacific Ocean"
    },
    {
      "name": "Santa Cruz (Marinduque Isl)",
      "country": "Philippines",
      "region": "Philippine Islands -- 57960",
      "lat": 13.5,
      "lon": 122.066667,
      "waterBody": "Philippine inland seas; North Pacific Ocean"
    },
    {
      "name": "Ternate",
      "country": "Indonesia",
      "region": "Pulau Ternate -- 52500",
      "lat": 0.783333,
      "lon": 127.383333,
      "waterBody": "Molucca Sea; North Pacific Ocean"
    },
    {
      "name": "Zhoushan",
      "country": "China",
      "region": "China Continued -- 59850",
      "lat": 30,
      "lon": 122.1,
      "waterBody": "East China Sea; North Pacific Ocean"
    },
    {
      "name": "Serui",
      "country": "Indonesia",
      "region": "New Guinea West Coast - Irian Jaya -- 52900",
      "lat": -1.9,
      "lon": 136.25,
      "waterBody": "Teluk Cenderawasih; South Pacific Ocean"
    },
    {
      "name": "Poso",
      "country": "Indonesia",
      "region": "Sulawesi -- 51970",
      "lat": -1.366667,
      "lon": 120.75,
      "waterBody": "Teluk Tomini; Molucca Sea; South Pacific Ocean"
    },
    {
      "name": "Saumlaki",
      "country": "Indonesia",
      "region": "Kepulauan Tanimbar -- 52850",
      "lat": -7.983333,
      "lon": 131.3,
      "waterBody": "Arafura Sea; South Pacific Ocean"
    },
    {
      "name": "Virac",
      "country": "Philippines",
      "region": "Philippine Islands -- 57960",
      "lat": 13.583333,
      "lon": 124.25,
      "waterBody": "Philippine inland seas; North Pacific Ocean"
    },
    {
      "name": "Thanh Ho Chi Minh",
      "country": "Vietnam",
      "region": "Vietnam -- 57510",
      "lat": 10.766667,
      "lon": 106.716667,
      "waterBody": "South China Sea; North Pacific Ocean"
    },
    {
      "name": "Patani",
      "country": "Indonesia",
      "region": "Halmahera -- 52540",
      "lat": 0.366667,
      "lon": 128.75,
      "waterBody": "North Pacific Ocean"
    },
    {
      "name": "Qui Nhon",
      "country": "Vietnam",
      "region": "Vietnam -- 57510",
      "lat": 13.766667,
      "lon": 109.233333,
      "waterBody": "South China Sea; North Pacific Ocean"
    },
    {
      "name": "Thanh Hoa",
      "country": "Vietnam",
      "region": "Vietnam -- 57510",
      "lat": 10.816667,
      "lon": 106.766667,
      "waterBody": "South China Sea; North Pacific Ocean"
    },
    {
      "name": "Tanjung Santan",
      "country": "Indonesia",
      "region": "Indonesia - Borneo -- 51760",
      "lat": -0.1,
      "lon": 117.533333,
      "waterBody": "Makassar Strait; South Pacific Ocean"
    },
    {
      "name": "Toledo",
      "country": "Philippines",
      "region": "Philippine Islands -- 57960",
      "lat": 10.366667,
      "lon": 123.633333,
      "waterBody": "Philippine inland seas; North Pacific Ocean"
    },
    {
      "name": "Kupang",
      "country": "Indonesia",
      "region": "Lesser Sunda Islands -- 51250",
      "lat": -10.166667,
      "lon": 123.583333,
      "waterBody": "Savu Sea; Indian Ocean"
    },
    {
      "name": "Larantuka",
      "country": "Indonesia",
      "region": "Lesser Sunda Islands -- 51250",
      "lat": -8.35,
      "lon": 122.983333,
      "waterBody": "Savu Sea; Indian Ocean"
    },
    {
      "name": "Ende",
      "country": "Indonesia",
      "region": "Lesser Sunda Islands -- 51250",
      "lat": -8.833333,
      "lon": 121.65,
      "waterBody": "Savu Sea; Indian Ocean"
    },
    {
      "name": "Waingapu",
      "country": "Indonesia",
      "region": "Lesser Sunda Islands -- 51250",
      "lat": -9.633333,
      "lon": 120.216667,
      "waterBody": "Savu Sea; Indian Ocean"
    },
    {
      "name": "Thursday Island",
      "country": "Australia",
      "region": "Australia -- 53290",
      "lat": -10.583333,
      "lon": 142.216667,
      "waterBody": "Torres Strait; South Pacific Ocean"
    },
    {
      "name": "Port Bonython",
      "country": "Australia",
      "region": "Australia -- 53290",
      "lat": -33.016667,
      "lon": 137.766667,
      "waterBody": "Spencer Gulf; Indian Ocean"
    },
    {
      "name": "Port Pirie",
      "country": "Australia",
      "region": "Australia -- 53290",
      "lat": -33.183333,
      "lon": 138.016667,
      "waterBody": "Spencer Gulf; Indian Ocean"
    },
    {
      "name": "Wallaroo",
      "country": "Australia",
      "region": "Australia -- 53290",
      "lat": -33.933333,
      "lon": 137.616667,
      "waterBody": "Spencer Gulf; Indian Ocean"
    },
    {
      "name": "Whyalla",
      "country": "Australia",
      "region": "Australia -- 53290",
      "lat": -33.033333,
      "lon": 137.583333,
      "waterBody": "Spencer Gulf; Indian Ocean"
    },
    {
      "name": "Port Lincoln",
      "country": "Australia",
      "region": "Australia -- 53290",
      "lat": -34.716667,
      "lon": 135.85,
      "waterBody": "Spencer Gulf; Indian Ocean"
    },
    {
      "name": "Milner Bay",
      "country": "Australia",
      "region": "Australia -- 53290",
      "lat": -13.866667,
      "lon": 136.416667,
      "waterBody": "Gulf of Carpentaria; Arafura Sea; South Pacific Ocean"
    },
    {
      "name": "Weipa",
      "country": "Australia",
      "region": "Australia -- 53290",
      "lat": -12.666667,
      "lon": 141.866667,
      "waterBody": "Gulf of Carpentaria; Arafura Sea; South Pacific Ocean"
    },
    {
      "name": "Gove",
      "country": "Australia",
      "region": "Australia -- 53290",
      "lat": -12.2,
      "lon": 136.7,
      "waterBody": "Arafura Sea; South Pacific Ocean"
    },
    {
      "name": "Karumba",
      "country": "Australia",
      "region": "Australia -- 53290",
      "lat": -17.483333,
      "lon": 140.833333,
      "waterBody": "Gulf of Carpentaria; Arafura Sea; South Pacific Ocean"
    },
    {
      "name": "Kumai",
      "country": "Indonesia",
      "region": "Indonesia - Borneo -- 51760",
      "lat": -2.75,
      "lon": 111.716667,
      "waterBody": "Java Sea; South Pacific Ocean"
    },
    {
      "name": "Kuala Belait",
      "country": "Brunei",
      "region": "Malaysia -- 51548",
      "lat": 4.633333,
      "lon": 114.2,
      "waterBody": "South China Sea; North Pacific Ocean"
    },
    {
      "name": "Tegal",
      "country": "Indonesia",
      "region": "Jawa -- 50920",
      "lat": -6.85,
      "lon": 109.133333,
      "waterBody": "Java Sea; South Pacific Ocean"
    },
    {
      "name": "Sarikei",
      "country": "Malaysia",
      "region": "Sarawak -- 51550",
      "lat": 2.133333,
      "lon": 111.533333,
      "waterBody": "South China Sea; North Pacific Ocean"
    },
    {
      "name": "Panarukan",
      "country": "Indonesia",
      "region": "Jawa -- 50920",
      "lat": -7.7,
      "lon": 113.933333,
      "waterBody": "Bali Sea; Java Sea; South Pacific Ocean"
    },
    {
      "name": "Senipah Oil Terminal",
      "country": "Indonesia",
      "region": "Indonesia - Borneo -- 51760",
      "lat": -0.95,
      "lon": 117.166667,
      "waterBody": "Makassar Strait; South Pacific Ocean"
    },
    {
      "name": "Bintulu Port",
      "country": "Malaysia",
      "region": "Sarawak -- 51550",
      "lat": 3.266667,
      "lon": 113.066667,
      "waterBody": "South China Sea; North Pacific Ocean"
    },
    {
      "name": "Cirebon",
      "country": "Indonesia",
      "region": "Jawa -- 50920",
      "lat": -6.716667,
      "lon": 108.566667,
      "waterBody": "Java Sea; South Pacific Ocean"
    },
    {
      "name": "Benoa",
      "country": "Indonesia",
      "region": "Indonesia - Borneo -- 51760",
      "lat": 0.983333,
      "lon": 117.966667,
      "waterBody": "Makassar Strait; South Pacific Ocean"
    },
    {
      "name": "Parepare",
      "country": "Indonesia",
      "region": "Sulawesi -- 51970",
      "lat": -4,
      "lon": 119.616667,
      "waterBody": "Makassar Strait; South Pacific Ocean"
    },
    {
      "name": "Tanah Merah",
      "country": "Indonesia",
      "region": "Indonesia - Borneo -- 51760",
      "lat": -1.816667,
      "lon": 116.166667,
      "waterBody": "Makassar Strait; South Pacific Ocean"
    },
    {
      "name": "Miri",
      "country": "Malaysia",
      "region": "Sarawak -- 51550",
      "lat": 4.383333,
      "lon": 113.966667,
      "waterBody": "South China Sea; North Pacific Ocean"
    },
    {
      "name": "Kuching",
      "country": "Malaysia",
      "region": "Sarawak -- 51550",
      "lat": 1.566667,
      "lon": 110.35,
      "waterBody": "South China Sea; North Pacific Ocean"
    },
    {
      "name": "Lumut",
      "country": "Brunei",
      "region": "Brunei -- 51610",
      "lat": 4.716667,
      "lon": 114.45,
      "waterBody": "South China Sea; North Pacific Ocean"
    },
    {
      "name": "Darwin",
      "country": "Australia",
      "region": "Australia -- 53290",
      "lat": -12.47138889,
      "lon": 130.8477778,
      "waterBody": "Timor Sea; Indian Ocean"
    }
  ]
}